1,2,20,0.43741798400878906,1,1,0.9417869780172362,0.998133207089784
2,2,20,0.32811474800109863,1,1,0.7788991063700321,1.0010296551089473
3,2,20,0.4342341423034668,1,1,0.9182806796963696,0.9980106895990544
4,2,20,0.333327054977417,1,1,0.9939983794831789,0.9888938165573264
5,2,20,0.44117093086242676,1,1,0.9012866399670024,0.971983595213583
6,2,20,0.4395179748535156,1,1,0.7186890878456506,0.994879651876842
7,2,20,0.22735285758972168,1,1,0.865133951269947,1.0003909665940767
8,2,20,0.3344099521636963,1,1,0.9596955363945655,0.9967290676655576
9,2,20,0.4336550235748291,1,1,0.9961455138845904,0.9628258284107263
10,2,20,0.22664785385131836,1,1,0.9647904102740369,0.8422776399171469
1,2,30,0.3300340175628662,1,1,0.9868365633653573,0.9964514928746062
2,2,30,0.33184385299682617,1,1,0.9429933202374928,0.9935994416184295
3,2,30,0.3245079517364502,1,1,0.8901647144119447,1.0001986993249592
4,2,30,0.3341078758239746,1,1,0.8591783887605091,1.0019402100080312
5,2,30,0.33260512351989746,1,1,0.8452811980379836,0.9976445179042575
6,2,30,0.3272891044616699,1,1,0.8845623783168902,1.002945847554757
7,2,30,0.23572111129760742,1,1,0.9775166482776064,0.986318968959347
8,2,30,0.3277769088745117,1,1,0.9436546519811879,0.9909753503230324
9,2,30,0.22406911849975586,1,1,0.7857487119383794,0.998467775401411
10,2,30,0.4357130527496338,1,1,0.9621818988840041,0.9716413309755189
1,2,40,0.43375468254089355,1,1,0.9417131218594293,0.9987103066835236
2,2,40,0.43858909606933594,1,1,0.8585655963766774,0.9995552338693604
3,2,40,0.33160400390625,1,1,0.9709342146386226,0.9994223434632789
4,2,40,0.22591590881347656,1,1,0.9874405540514505,0.9958492824850748
5,2,40,0.4337151050567627,1,1,0.9838977095441209,1.0009468147760363
6,2,40,0.33710265159606934,1,1,0.9317539138194498,1.000106062977066
7,2,40,0.3346853256225586,1,1,0.847974571170326,0.9990197189595899
8,2,40,0.3473677635192871,1,1,0.9441234518194357,0.9876089478823673
9,2,40,0.3400387763977051,1,1,0.9437149324827347,0.9942946287963174
10,2,40,0.2382798194885254,1,1,0.9689204510458322,1.0014870734891796
1,2,50,0.3244507312774658,1,1,0.9721904870710993,0.9944851927425137
2,2,50,0.3421049118041992,1,1,0.9726892515575106,1.000798809147319
3,2,50,0.33509397506713867,1,1,0.9559708922474757,0.9702001772746005
4,2,50,0.3354060649871826,1,1,0.9804482964936061,1.0019572787685598
5,2,50,0.33646416664123535,1,1,0.9398655119744336,1.0019002497287652
6,2,50,0.34648823738098145,1,1,0.9179433269155809,1.000107689212995
7,2,50,0.4445199966430664,1,1,0.9673978943828081,1.0000437572928822
8,2,50,0.3351600170135498,1,1,0.9909831196661528,0.9958038790277396
9,2,50,0.24045491218566895,1,1,0.9378720105876519,0.9959534562301687
10,2,50,0.43855810165405273,1,1,0.9875592612555137,0.9983587583745934
1,2,100,0.5411701202392578,1,1,0.9538391971960455,1.0017013450255958
2,2,100,0.546842098236084,1,1,0.9756303951027677,0.9967068904413854
3,2,100,0.5365397930145264,1,1,0.9902340895764737,0.9980434958001273
4,2,100,0.34250712394714355,1,1,0.9960369542958205,0.9950056904966077
5,2,100,0.335557222366333,1,1,0.9969778532492862,0.9960742730571658
6,2,100,0.4390411376953125,1,1,0.9488689118310777,0.9995549245374554
7,2,100,0.43922972679138184,1,1,0.957407330903709,0.9966442499256281
8,2,100,0.43494415283203125,1,1,0.9813927658325999,1.0007467044486353
9,2,100,0.5428617000579834,1,1,0.9590766046334179,0.9998822304787521
10,2,100,0.43346595764160156,1,1,0.9555907724273052,1.0014839022258535
1,2,200,0.43826794624328613,1,1,0.9949835294971733,1.0005137690094534
2,2,200,0.5456438064575195,1,1,0.9917923163275406,0.9963992200531644
3,2,200,0.5445897579193115,1,1,0.9934667458372372,0.9989077451471091
4,2,200,0.434859037399292,1,1,0.9752807750472975,0.9974208064095703
5,2,200,0.5411720275878906,1,1,0.9932782706309733,0.9984295758414016
6,2,200,0.5406491756439209,1,1,0.978548599316371,1.0004114840510865
7,2,200,0.5295259952545166,1,1,0.9937971132069094,0.9976415618709478
8,2,200,0.4338207244873047,1,1,0.9896333388511837,0.998511186222437
9,2,200,0.5497279167175293,1,1,0.9769563681328386,1.0026884859108476
10,2,200,0.4356729984283447,1,1,0.992875838078272,1.0004753365166477
1,2,300,0.43363404273986816,1,1,0.9518781207444393,0.9990080053811464
2,2,300,0.3303213119506836,1,1,0.9988952189517942,1.000766169048051
3,2,300,0.4338202476501465,1,1,0.9924999016251524,1.0008428653546817
4,2,300,0.435366153717041,1,1,0.99773602175142,0.9913445058084175
5,2,300,0.5391719341278076,1,1,0.9791302591277224,0.9987241652171186
6,2,300,0.43479084968566895,1,1,0.9879376751550593,0.9947403550473181
7,2,300,0.43286705017089844,1,1,0.9842634084862064,0.9979142599368119
8,2,300,0.43456482887268066,1,1,0.9738614376691187,0.9994014648719735
9,2,300,0.434100866317749,1,1,0.9998767266523582,1.0003272179124232
10,2,300,0.43254661560058594,1,1,0.9991524043209562,0.9850269754589118
1,2,500,0.4378070831298828,1,1,0.975290627224188,0.9994757281872522
2,2,500,0.5325193405151367,1,1,0.991450578600893,1.0022272055971089
3,2,500,0.7392818927764893,1,1,0.9980033130782032,0.9988979005943837
4,2,500,0.6486310958862305,1,1,0.9907714300841848,1.0005438210346116
5,2,500,0.5373260974884033,1,1,0.9963276931817755,1.0011742416977276
6,2,500,0.6450798511505127,1,1,0.9973722945005877,0.9979518371400198
7,2,500,0.5418498516082764,1,1,0.9861710591670327,0.9975202331809372
8,2,500,0.5386989116668701,1,1,0.9899671037069044,1.0003441206618833
9,2,500,0.6442527770996094,1,1,0.9987153824906067,0.9991212523215707
10,2,500,0.5417406558990479,1,1,0.9976436199694692,0.9991446670129401
1,3,20,0.5419876575469971,1,1,0.945804104129766,0.9223409487190951
2,3,20,0.3345327377319336,1,1,0.8695484905156291,0.9958490225360273
3,3,20,0.33462095260620117,1,1,0.9544244537246911,0.9930004220307252
4,3,20,0.3286278247833252,1,1,0.7901500117255761,0.9982747087536177
5,3,20,0.33434391021728516,1,1,0.622072293600541,0.9588129357461519
6,3,20,0.230269193649292,1,1,0.9151583305493247,0.9752266478971526
7,3,20,0.4556238651275635,1,1,0.6242485808464245,1.00008950100557
8,3,20,0.3397538661956787,1,1,0.6750258273069617,0.9719705652538678
9,3,20,0.8600521087646484,1,1,0.7341232819658475,0.9377210246317538
10,3,20,0.43966197967529297,1,1,0.8587475363743701,0.9990229872579658
1,3,30,0.4388608932495117,1,1,0.7369242547726655,0.9951348023134924
2,3,30,0.44452810287475586,1,1,0.903759979024121,1.001831911736669
3,3,30,0.433574914932251,1,1,0.9168529548267327,1.0009081785835732
4,3,30,0.43871593475341797,1,1,0.806093204351142,1.0002031440947452
5,3,30,0.3303110599517822,1,1,0.6915988333947113,0.9570603229511826
6,3,30,0.231734037399292,1,1,0.8608569789472889,0.9915723767853422
7,3,30,0.32741689682006836,1,1,0.6680467367222408,1.000850801619067
8,3,30,0.3318769931793213,1,1,0.8658485381809006,0.8240813541218532
9,3,30,0.22910284996032715,1,1,0.7902252960788316,0.9957646223272034
10,3,30,0.3363173007965088,1,1,0.9782030159091838,0.9189013381057093
1,3,40,0.33082079887390137,1,1,0.9677116488270067,0.8871216060007976
2,3,40,0.43374204635620117,1,1,0.9674414558151949,1.00040413586426
3,3,40,0.4377589225769043,1,1,0.935295693451775,1.0007707454289734
4,3,40,0.4326667785644531,1,1,0.8154149315457853,0.9996928262301152
5,3,40,0.33440160751342773,1,1,0.9687604350092609,0.996652410315916
6,3,40,0.33260321617126465,1,1,0.9401356901890451,0.9627256230471056
7,3,40,0.43263697624206543,1,1,0.8284003589274083,0.9999357342539997
8,3,40,0.4307219982147217,1,1,0.9676397458329496,0.9982932015215995
9,3,40,0.3319728374481201,1,1,0.8957377507992877,0.9458235893745877
10,3,40,0.3289511203765869,1,1,0.9170746855945299,0.9965064783830233
1,3,50,0.3367879390716553,1,1,0.9042182453591447,0.9994163696505471
2,3,50,0.22470903396606445,1,1,0.9783702748448457,0.9992835827185402
3,3,50,0.3302571773529053,1,1,0.9823435133197157,0.9616088211072904
4,3,50,0.4314742088317871,1,1,0.9710517622964359,0.9844929440869853
5,3,50,0.4302358627319336,1,1,0.945461128058103,0.9990258528852145
6,3,50,0.33670496940612793,1,1,0.9459487733434542,0.9715740031584441
7,3,50,0.3322439193725586,1,1,0.972690544758708,0.9873038755169696
8,3,50,0.23180484771728516,1,1,0.9924281060377397,0.9778405608834434
9,3,50,0.33075380325317383,1,1,0.9897644282462682,0.8997487613513551
10,3,50,0.226820707321167,1,1,0.8912263061946168,0.9996819429899728
1,3,100,0.4310750961303711,1,1,0.9593203131657829,0.9976245639610558
2,3,100,0.33340024948120117,1,1,0.9968596402309553,1.0007188063875303
3,3,100,0.43538975715637207,1,1,0.9622933258814214,0.9997429405868732
4,3,100,0.3423001766204834,1,1,0.9894758149566922,1.001042735125833
5,3,100,0.43705105781555176,1,1,0.9444352192448893,0.998687185634635
6,3,100,0.45074915885925293,1,1,0.9814722435662764,0.9977526255862282
7,3,100,0.34032702445983887,1,1,0.9667672495687702,0.9916692892417933
8,3,100,0.5492417812347412,1,1,0.9756885764233293,0.9798669523779064
9,3,100,0.44678711891174316,1,1,0.9852958372889956,0.993412052413025
10,3,100,0.3377847671508789,1,1,0.9954179408461549,0.9695321371564529
1,3,200,0.33332395553588867,1,1,0.9577076622964207,1.0000232524446366
2,3,200,0.4410989284515381,1,1,0.9413318164318498,0.9937591503972294
3,3,200,0.43636608123779297,1,1,0.9958172069021126,0.9971279179263517
4,3,200,0.5536608695983887,1,1,0.9683086598036813,0.9879075622416311
5,3,200,0.45407891273498535,1,1,0.9546569033997521,1.000881980863688
6,3,200,0.44464707374572754,1,1,0.9577641218019767,0.9996254278076238
7,3,200,0.44719791412353516,1,1,0.9774355483164939,1.0000350145714485
8,3,200,0.44684290885925293,1,1,0.9904003399083591,0.9931182671646741
9,3,200,0.4424571990966797,1,1,0.9857138692537488,0.9941454911393928
10,3,200,0.4341111183166504,1,1,0.9921977328527768,1.0006978077781385
1,3,300,0.5460081100463867,1,1,0.9900547292079374,1.0002451492887063
2,3,300,0.5625507831573486,1,1,0.9928982858338692,1.0004738056660283
3,3,300,0.5607590675354004,1,1,0.9981490916139614,0.996426618573909
4,3,300,0.6630852222442627,1,1,0.9855305625571923,0.9994912706339915
5,3,300,0.433197021484375,1,1,0.988437700330152,0.9983392944806789
6,3,300,0.5477752685546875,1,1,0.9989661689205355,0.9846584597872088
7,3,300,0.7576041221618652,1,1,0.9871318990806107,0.992068716107873
8,3,300,0.7539546489715576,1,1,0.9897544609437737,0.9981599192989705
9,3,300,0.6592199802398682,1,1,0.9853404524272211,0.9987387038635326
10,3,300,0.5557236671447754,1,1,0.9905973859748443,0.9882989945543225
1,3,500,0.7747571468353271,1,1,0.9955118661879324,0.9927926673076205
2,3,500,1.2825431823730469,1,1,1.0008469391531913,0.9798681424357588
3,3,500,0.5491509437561035,1,1,0.9900193664908934,0.9999914617194732
4,3,500,0.6492428779602051,1,1,0.9736303390547599,0.9972126907036899
5,3,500,0.648773193359375,1,1,0.9961177127013625,0.9964231079464857
6,3,500,0.7663791179656982,1,1,0.9914701886885235,0.9982864008381058
7,3,500,0.7573850154876709,1,1,0.9984492638136206,0.9937585056771845
8,3,500,0.6602950096130371,1,1,0.9862021485635605,0.9987327978843236
9,3,500,0.6610040664672852,1,1,0.9915182991311133,0.998843038293899
10,3,500,0.763603925704956,1,1,0.9939049898335425,0.996452809269629
1,4,20,0.44496798515319824,1,1,0.8485426308194111,0.9826363887127572
2,4,20,0.23548173904418945,1,1,0.9070559000488801,0.8851882729826958
3,4,20,0.33663105964660645,1,1,0.9316472809863465,0.9173458723086706
4,4,20,0.4377007484436035,1,1,0.8622288587270471,0.9325072752079329
5,4,20,0.4549529552459717,1,1,0.8574400668875414,0.8927712101634315
6,4,20,0.34704089164733887,1,1,0.6305450970364427,0.998128940336425
7,4,20,0.23908209800720215,1,1,0.8526894986507974,0.9138426212912052
8,4,20,0.3435556888580322,1,1,0.9296902785789217,0.8023289190226275
9,4,20,0.34219884872436523,1,1,0.785510674875472,0.9899087535644852
10,4,20,0.4407830238342285,1,1,0.9211550598647791,0.9994288766090093
1,4,30,0.23151683807373047,1,1,0.9326735417631737,0.904010568188565
2,4,30,0.2365880012512207,1,1,0.7475677120859899,0.965373266872923
3,4,30,0.439547061920166,1,1,0.8717249388956717,0.9416935096091701
4,4,30,0.44977402687072754,1,1,0.8657857371649306,0.9914158819906782
5,4,30,0.44910097122192383,1,1,0.8556979953137203,0.9836887583699137
6,4,30,0.34025096893310547,1,1,0.9260419948583052,0.9861219162214961
7,4,30,0.34520769119262695,1,1,0.8507145353578501,0.926049920638033
8,4,30,0.44045495986938477,1,1,0.809780494779225,0.9886944645884186
9,4,30,0.33478498458862305,1,1,0.8893679267072138,0.951964262941931
10,4,30,0.33849382400512695,1,1,0.8114398091190397,0.9975818426324119
1,4,40,0.3411839008331299,1,1,0.9332134469334821,0.9940449619618383
2,4,40,0.3309359550476074,1,1,0.818633989844777,0.9982434697702685
3,4,40,0.4400150775909424,1,1,0.9467693319745277,0.997334602115769
4,4,40,0.5475978851318359,1,1,0.9829157697064078,0.9999682912134953
5,4,40,0.3403749465942383,1,1,0.9236217950273481,0.8795337514736128
6,4,40,0.44342923164367676,1,1,0.8674609505800783,0.9442838330785416
7,4,40,0.3419780731201172,1,1,0.9618089151909273,1.0000921583924147
8,4,40,0.3288538455963135,1,1,0.8901764273778175,0.9845646756170109
9,4,40,0.34337782859802246,1,1,0.9059187443434706,0.9729989627662152
10,4,40,0.440838098526001,1,1,0.9648060619701403,0.8833920750982651
1,4,50,0.3366081714630127,1,1,0.9563313565851337,0.9979195561719834
2,4,50,0.34102702140808105,1,1,0.8952148183070109,0.9741618988534271
3,4,50,0.34441375732421875,1,1,0.8242569772812527,0.9995480601096488
4,4,50,0.4456520080566406,1,1,0.9540859653542569,0.8973567104174943
5,4,50,0.5545558929443359,1,1,0.9514700921354124,0.9044163318079833
6,4,50,0.44022488594055176,1,1,0.9603510662868581,0.9784138487824112
7,4,50,0.4493391513824463,1,1,0.892186848982993,1.001163356352324
8,4,50,0.44988489151000977,1,1,0.9671370626477171,0.8614243995287563
9,4,50,0.22839879989624023,1,1,0.9368636263494163,0.9996416201543576
10,4,50,0.4517183303833008,1,1,0.734038916030677,0.9432310737898999
1,4,100,0.45614099502563477,1,1,0.985648892737845,0.9755708773298619
2,4,100,0.3412480354309082,1,1,0.9516865191907732,0.997196305519547
3,4,100,0.4543781280517578,1,1,0.9846879224626387,0.9630303533358964
4,4,100,0.7654929161071777,1,1,0.9442000249647134,0.9692420129463354
5,4,100,0.45142602920532227,1,1,0.9896012765644383,0.9871311436217133
6,4,100,0.7809450626373291,1,1,0.9440621186910705,0.9962949752877035
7,4,100,0.5411498546600342,1,1,0.9545100809161117,0.9484866689047123
8,4,100,0.5443768501281738,1,1,0.956026052260992,0.9997173602264394
9,4,100,0.6450951099395752,1,1,0.9136119068680358,0.992469815096175
10,4,100,0.7363901138305664,1,1,0.9164622973692846,0.9942589165009688
1,4,200,0.7446248531341553,1,1,0.9732780453375406,1.000827948139154
2,4,200,0.42971110343933105,1,1,0.8922843240738357,1.0002670599026973
3,4,200,0.9495429992675781,1,1,0.9566099982947018,0.9992611927855619
4,4,200,0.8444750308990479,1,1,0.9859627326313154,0.9918308665995279
5,4,200,0.43537473678588867,1,1,0.9774867034208301,0.9969280025082453
6,4,200,1.4799480438232422,1,1,0.9459661609629095,0.9936026484140831
7,4,200,0.5420289039611816,1,1,0.9821852514852536,0.9871802616807374
8,4,200,1.1287610530853271,1,1,0.9411586062017628,0.9989694740045814
9,4,200,0.6345148086547852,1,1,0.9790326919905925,1.002848282284866
10,4,200,0.5344460010528564,1,1,0.9743392078519301,0.9975178405212535
1,4,300,0.640484094619751,1,1,0.950971748713383,1.0002466566891255
2,4,300,1.8759009838104248,1,1,0.9982121696120356,0.9997004797234592
3,4,300,0.9522030353546143,1,1,0.9914986719197824,0.9968952513165518
4,4,300,1.0547699928283691,1,1,0.9943278523202834,0.9780231269938023
5,4,300,0.947166919708252,1,1,0.9707696175783446,0.9947382027533488
6,4,300,0.8467609882354736,1,1,0.988882470328747,0.9987850380112868
7,4,300,1.7725248336791992,1,1,0.9791060552148524,1.0003498774618982
8,4,300,1.1641652584075928,1,1,0.9732121837199135,1.0015770957175785
9,4,300,0.8423521518707275,1,1,0.9911394854896979,0.9990686423955322
10,4,300,0.7416079044342041,1,1,0.9792362093352192,0.998053868071609
1,4,500,1.0517840385437012,1,1,0.9928063184694609,0.9999362284438854
2,4,500,1.0391600131988525,1,1,0.998555241263638,0.9993445087311437
3,4,500,0.9517641067504883,1,1,0.9869417944396263,0.9979016868425704
4,4,500,1.1540391445159912,1,1,0.9987706994232279,0.9996949198901711
5,4,500,1.2626330852508545,1,1,0.9889003131894574,0.9942284841283314
6,4,500,1.4723069667816162,1,1,0.9888979027702661,0.9983031773005048
7,4,500,1.0544087886810303,1,1,0.9850826788735563,0.997111857136031
8,4,500,0.949289083480835,1,1,0.9956773900883641,0.9949042731309602
9,4,500,0.9414081573486328,1,1,0.9942567824142442,0.9973447592123603
10,4,500,2.586155891418457,1,1,0.9964123384500915,0.9839500119306396
1,5,20,0.3333766460418701,1,1,0.7673725297971206,0.7879700924015038
2,5,20,0.4341700077056885,1,1,0.7351887396033269,0.9893425880554138
3,5,20,0.42952871322631836,1,1,0.842875899013905,0.9343774041513858
4,5,20,0.440065860748291,1,1,0.8136113688779051,0.7732548100805156
5,5,20,0.5400619506835938,1,1,0.8975151899072991,0.8708733978003584
6,5,20,0.42586708068847656,1,1,0.46455337249341705,0.9432609612411026
7,5,20,0.3321390151977539,1,1,0.5595752336349695,0.831854776571331
8,5,20,0.5414738655090332,1,1,0.7317304549718375,0.8629650455035108
9,5,20,0.3360130786895752,1,1,0.8011576308387249,0.9734064711368163
10,5,20,0.331251859664917,1,1,0.3273726725407947,0.9964244519195584
1,5,30,0.32579803466796875,1,1,0.7505007587253414,0.8737807336664749
2,5,30,0.43555402755737305,1,1,0.749661669040336,0.9843724635804351
3,5,30,0.535740852355957,1,1,0.8903867167312816,0.9991946489363267
4,5,30,0.33164310455322266,1,1,0.7992712553105495,0.8469929656188576
5,5,30,0.43413281440734863,1,1,0.9150330994877479,0.61301643005264
6,5,30,0.43030595779418945,1,1,0.5910787431429316,0.9413200110000917
7,5,30,0.4311859607696533,1,1,0.8440451662657259,0.9761360540366496
8,5,30,0.33499622344970703,1,1,0.8608157792745138,0.9774382701538971
9,5,30,0.3328850269317627,1,1,0.9169880719122754,0.8778381697552926
10,5,30,0.4336059093475342,1,1,0.7221821421297185,0.9387241651327899
1,5,40,0.957427978515625,1,1,0.8809247013527138,0.9590039907465002
2,5,40,0.4345400333404541,1,1,0.738378171312738,0.8509263861719527
3,5,40,0.43817877769470215,1,1,0.9260425424058575,0.7988353758559738
4,5,40,0.43515515327453613,1,1,0.869880780244838,0.8981556398099031
5,5,40,0.5337700843811035,1,1,0.9438435637295648,0.8876119609994916
6,5,40,0.4326610565185547,1,1,0.6334211328411102,0.9561506485165296
7,5,40,0.42973899841308594,1,1,0.9127479060886169,0.7889241262100871
8,5,40,0.4336116313934326,1,1,0.8992205178733957,0.9986697073356138
9,5,40,0.4351768493652344,1,1,0.9473776577792777,0.9095801937567277
10,5,40,0.4323153495788574,1,1,0.8645707735495365,1.000151650718066
1,5,50,0.4234609603881836,1,1,0.8179732313575525,0.9929847347954337
2,5,50,0.6420328617095947,1,1,0.9286250241732741,0.9611202465535251
3,5,50,0.6660380363464355,1,1,0.8392383880766805,0.8848088903069663
4,5,50,0.7380480766296387,1,1,0.8746254401683019,0.9260181587206695
5,5,50,0.8919119834899902,1,1,0.8141082419571738,0.9959473283844398
6,5,50,0.4418179988861084,1,1,0.933443607071672,0.950677542183067
7,5,50,0.5307121276855469,1,1,0.9006646314751943,0.9678170476172167
8,5,50,0.43447113037109375,1,1,0.9714837668520631,0.9701760829201608
9,5,50,0.542492151260376,1,1,0.9466075708516902,0.9947651472522904
10,5,50,0.6471102237701416,1,1,0.9308160372123848,0.9803439666665739
1,5,100,0.9447860717773438,1,1,0.9518564205302643,0.9726524077721341
2,5,100,1.0445592403411865,1,1,0.9157618577054798,0.993204070927269
3,5,100,0.7550718784332275,1,1,0.9351932480407261,0.992065773794994
4,5,100,0.7468500137329102,1,1,0.9813341393944804,0.9920890810027715
5,5,100,0.6343722343444824,1,1,0.878352010500614,0.9727110219239063
6,5,100,1.983199119567871,1,1,0.9456041863872071,0.9929306806719768
7,5,100,0.533048152923584,1,1,0.947668867176408,0.9705967822068349
8,5,100,0.7443130016326904,1,1,0.8781864332272962,0.9932548391458557
9,5,100,0.6436190605163574,1,1,0.9138419808433089,0.9667151798925994
10,5,100,1.3801929950714111,1,1,0.9635354477992086,0.9240942800038442
1,5,200,1.1579163074493408,1,1,0.9784080660784753,0.9933404111572243
2,5,200,1.1473803520202637,1,1,0.9772261322588375,0.9670545467830916
3,5,200,1.46150803565979,1,1,0.9646989024028478,0.9989559284149229
4,5,200,0.6377861499786377,1,1,0.9677740016793632,0.993033117579458
5,5,200,2.089916944503784,1,1,0.9707645476496073,0.9868219455771777
6,5,200,2.6032588481903076,1,1,0.9749034984356588,0.9935092453339693
7,5,200,0.6329281330108643,1,1,0.9827513915240202,0.9889782471779468
8,5,200,1.1507940292358398,1,1,0.9595100834870944,0.9957396381643667
9,5,200,1.3600921630859375,1,1,0.9732640921455873,0.9880969485718764
10,5,200,1.5611541271209717,1,1,0.9701441967300454,0.9636605234271189
1,5,300,3.0187478065490723,1,1,0.9664445609563855,1.001171849211065
2,5,300,1.3546180725097656,1,1,0.994445944961051,0.9949461776363199
3,5,300,1.4656262397766113,1,1,0.9898088442760382,0.9993394156672231
4,5,300,1.4034502506256104,1,1,0.9748399771848658,0.9961408567136795
5,5,300,2.1911041736602783,1,1,0.9822486687463797,0.9902196819520613
6,5,300,2.1941771507263184,1,1,0.9801562477268428,0.9984564576702949
7,5,300,0.93758225440979,1,1,0.9862750100790155,1.000580104871441
8,5,300,1.6800601482391357,1,1,0.9633560179359048,0.9991853739912441
9,5,300,1.260802984237671,1,1,0.9723346828609987,1.0014978299157127
10,5,300,2.4833261966705322,1,1,0.9769099953908994,0.9986264498990294
1,5,500,2.196442127227783,1,1,0.9968618349056942,0.9809017786337374
2,5,500,2.0913949012756348,1,1,0.9759876303302959,0.9987448011124141
3,5,500,1.3572790622711182,1,1,0.9782919394333116,0.9976297783901175
4,5,500,5.469083786010742,1,1,0.9625312120995935,0.9999861422909566
5,5,500,0.9522230625152588,1,1,0.9990863027184459,0.990508644257056
6,5,500,2.6125199794769287,1,1,0.9965013699365268,0.9909015488412668
7,5,500,3.9161880016326904,1,1,1.0006317430054321,0.9905883800978724
8,5,500,14.19688081741333,1,1,0.9961258239851972,0.9971637255106635
9,5,500,4.554149150848389,1,1,0.9968814502378175,0.9988136741728617
10,5,500,3.0202600955963135,1,1,0.9848356170568671,0.9958605505411615
1,6,20,0.5333719253540039,1,1,0.631132401653162,0.7393610527029777
2,6,20,0.3310279846191406,1,1,0.5582922609631634,0.9956846191187245
3,6,20,0.5317208766937256,1,1,0.6578575724500478,0.932491587072664
4,6,20,0.33563685417175293,1,1,0.47450385562940733,0.9790232841372585
5,6,20,0.3356149196624756,1,1,0.6767561556099334,0.7972490011135941
6,6,20,0.44630980491638184,1,1,0.7191453525835284,0.9793534755171537
7,6,20,0.3428497314453125,1,1,0.8070849681864292,0.6159253721960593
8,6,20,0.43686413764953613,1,1,0.6322250937944854,0.6654467075569956
9,6,20,0.44518494606018066,1,1,0.8254708332638834,0.9325999799833979
10,6,20,0.44402289390563965,1,1,0.9007215294845492,0.8725476183873424
1,6,30,0.6639351844787598,1,1,0.9055883532238242,0.9724003403266305
2,6,30,0.339155912399292,1,1,0.7569809708867968,0.9642336913605801
3,6,30,0.446605920791626,1,1,0.9104212430546582,0.9123591271880245
4,6,30,0.7632031440734863,1,1,0.8274367581285266,0.935356437825174
5,6,30,0.5503218173980713,1,1,0.726692404639923,0.997799711849681
6,6,30,0.4504709243774414,1,1,0.8295757977072382,0.9861356290559987
7,6,30,0.3410990238189697,1,1,0.8334979751733205,0.9748337640004628
8,6,30,0.34082889556884766,1,1,0.6779269183596782,0.9481910882874935
9,6,30,0.5584688186645508,1,1,0.9068332728317753,0.9534817430519363
10,6,30,0.6481480598449707,1,1,0.5697572675531716,0.46935837019152477
1,6,40,0.6562068462371826,1,1,0.9476674333735962,0.9740780047758026
2,6,40,0.4506220817565918,1,1,0.8493995613562003,0.9699689015094365
3,6,40,0.7697689533233643,1,1,0.8281413609246925,0.76162496150675
4,6,40,0.4353647232055664,1,1,0.7971966634764743,0.9446304442196302
5,6,40,0.45380401611328125,1,1,0.4993407639621808,0.9984550110073122
6,6,40,0.7537331581115723,1,1,0.8343337546406191,0.9986126398615214
7,6,40,0.44045019149780273,1,1,0.9596979026886879,0.9233492138266952
8,6,40,0.654304027557373,1,1,0.9726270749364865,0.8636505070410584
9,6,40,0.6502499580383301,1,1,0.8249085154899504,0.9214859718177757
10,6,40,0.5644888877868652,1,1,0.8122191476652715,0.9774683837591561
1,6,50,0.9583468437194824,1,1,0.9268767826193759,0.9544505947587716
2,6,50,0.5429661273956299,1,1,0.8358338917336448,0.9882355607942697
3,6,50,0.8701450824737549,1,1,0.9101611922895633,0.9388265966921298
4,6,50,0.8742446899414062,1,1,0.7750296731145543,0.9928938114899718
5,6,50,0.7520561218261719,1,1,0.9474523215423598,0.9522190367830892
6,6,50,0.5438089370727539,1,1,0.8153498374453857,0.9445747979130956
7,6,50,0.9559869766235352,1,1,0.8081379271650309,0.9341053261520048
8,6,50,0.8556869029998779,1,1,0.8742895676584933,0.9863088682964191
9,6,50,0.7410030364990234,1,1,0.9040847112582199,0.9281871043258278
10,6,50,0.74635910987854,1,1,0.8844879711495142,0.8896414092209057
1,6,100,0.6388828754425049,1,1,0.9763160218211608,0.9872681561901935
2,6,100,1.0411181449890137,1,1,0.9685097988626223,0.9840887351045763
3,6,100,1.0466928482055664,1,1,0.9597190599313085,0.981296536196314
4,6,100,0.9414939880371094,1,1,0.9118309222338683,0.9468405453467695
5,6,100,0.9561419486999512,1,1,0.8980248745987608,0.9865649181200665
6,6,100,0.8512539863586426,1,1,0.9477362337399744,0.9655734179359275
7,6,100,1.8793809413909912,1,1,0.9700750186996759,0.9391766104801823
8,6,100,0.9574880599975586,1,1,0.9351550235688938,0.9747877410243571
9,6,100,0.9492130279541016,1,1,0.9131134720583289,0.9843724240535596
10,6,100,3.31221604347229,1,1,0.9553254573483325,0.9996369838149577
1,6,200,1.2536368370056152,1,1,0.9786674418712531,0.9747723050432735
2,6,200,1.163945198059082,1,1,0.973181468008153,0.9959862505701892
3,6,200,1.053333044052124,1,1,0.9914211957774397,0.9905530250983289
4,6,200,4.148185729980469,1,1,0.9381034302865892,0.9922463333923441
5,6,200,36.50378179550171,1,1,0.9825962209527749,0.986398485921656
6,6,200,3.512470006942749,1,1,0.957562345233685,0.9907438324703172
7,6,200,4.063344955444336,1,1,0.9575221611310591,0.9963043052746372
8,6,200,1.5560970306396484,1,1,0.9892572540908815,0.9758158384580948
9,6,200,1.3635058403015137,1,1,0.974788843765372,0.9897716196375033
10,6,200,1.1527810096740723,1,1,0.9602532179553553,0.9988780192627703
1,6,300,7.095380067825317,1,1,0.9846682328516404,1.0005409073237403
2,6,300,3.5351827144622803,1,1,0.9889338682392781,0.9932236005837767
3,6,300,5.853058099746704,1,1,0.9641636748348896,0.9957432869998211
4,6,300,2.6923739910125732,1,1,0.9771868992336524,0.9980626495066136
5,6,300,1.9786381721496582,1,1,0.9882785396569912,0.9884156300112213
6,6,300,1.7893218994140625,1,1,0.9883811371270622,0.9861485696249264
7,6,300,1.4644460678100586,1,1,0.9776500463734586,0.9835277654888535
8,6,300,1.6581008434295654,1,1,0.9667247347933318,0.9780556269867168
9,6,300,23.49654984474182,1,1,0.9999927692113018,0.9838867078209564
10,6,300,2.181295871734619,1,1,0.9832810217127792,0.9907309021874646
1,6,500,2.17044997215271,1,1,0.980952380952381,0.9996771634270474
2,6,500,56.069705963134766,1,1,0.9976880708991591,0.9882633716104361
3,6,500,10.781422138214111,1,1,0.9838044234882859,0.9966179186128035
4,6,500,5.52872109413147,1,1,0.991173546968375,0.9943365279238594
5,6,500,1.567366361618042,1,1,0.992389619316437,0.9920518442550483
6,6,500,2.8130722045898438,1,1,0.9449198840554723,0.9983115490790098
7,6,500,2.390556812286377,1,1,0.9927218295275462,0.9955964570186863
8,6,500,2.603205919265747,1,1,0.9948949715224141,0.9975678868411098
9,6,500,1.9635648727416992,1,1,0.9931964718462697,0.9874255837249264
10,6,500,3.8243911266326904,1,1,0.9884773087781957,0.9923213852050843
1,7,20,0.5375118255615234,1,1,0.6720052092007008,0.826065285942208
2,7,20,0.43469905853271484,1,1,0.6691818318976356,0.7341335506577299
3,7,20,0.33181333541870117,1,1,0.7622440402798264,0.9411601171752326
4,7,20,0.33070993423461914,1,1,0.8803070170907754,0.647981180204501
5,7,20,0.4272456169128418,1,1,0.622650404549563,0.5905064842461785
6,7,20,0.33077096939086914,1,1,0.7305212069648952,0.9273660266662247
7,7,20,0.4410538673400879,1,1,0.7218573926559162,0.9695879848619386
8,7,20,0.4334678649902344,1,1,0.5909779965440543,0.8584987538431407
9,7,20,0.3322150707244873,1,1,0.6935967157474978,0.9758176467753494
10,7,20,0.3318469524383545,1,1,0.8498860098676441,0.8517123177959315
1,7,30,0.7337827682495117,1,1,0.7209037613536986,0.888325989252135
2,7,30,0.3263261318206787,1,1,0.6287292386499891,0.8285463044596283
3,7,30,0.4310617446899414,1,1,0.650322737579164,0.9097180279491206
4,7,30,0.5367460250854492,1,1,0.683838961038961,0.9353173383299422
5,7,30,0.4345130920410156,1,1,0.5546512020684974,0.9357220536889702
6,7,30,0.33275413513183594,1,1,0.7743254480167223,0.9369246439759384
7,7,30,0.43384408950805664,1,1,0.7353646541147193,0.7796732571952811
8,7,30,0.6410119533538818,1,1,0.8730725605885598,0.8496444124430617
9,7,30,0.9534029960632324,1,1,0.9151108248326706,0.737313994090787
10,7,30,0.7449631690979004,1,1,0.8881583333174609,0.7532466987525124
1,7,40,0.6379561424255371,1,1,0.7907871955353591,0.9652740291247075
2,7,40,0.8677420616149902,1,1,0.817576522956887,0.9866998221827071
3,7,40,0.6517519950866699,1,1,0.8170914832753398,0.9726395582192249
4,7,40,0.85756516456604,1,1,0.7884127546984534,0.8429359562945993
5,7,40,0.44992995262145996,1,1,0.8864552475158837,0.924118915687091
6,7,40,0.563579797744751,1,1,0.7205050319465504,0.9750170959653522
7,7,40,0.4429779052734375,1,1,0.920599971073431,0.7916577985024089
8,7,40,0.43414807319641113,1,1,0.9405676097244934,0.8247808256629909
9,7,40,0.8426451683044434,1,1,0.9348581073696738,0.9715182616809128
10,7,40,1.0622899532318115,1,1,0.91605001339734,0.971255370549134
1,7,50,1.0465459823608398,1,1,0.5820553653422512,1.0034016012454845
2,7,50,0.9501388072967529,1,1,0.9388500482344361,0.9319262756586356
3,7,50,1.1738851070404053,1,1,0.9855587184789323,0.951365261608126
4,7,50,1.0433239936828613,1,1,0.8321680357415009,0.9981717540816794
5,7,50,1.7712130546569824,1,1,0.8621394717938223,0.8793012915604342
6,7,50,0.9544739723205566,1,1,0.8221866717604641,0.9737616817334881
7,7,50,0.3384101390838623,1,1,0.9323755033578807,0.9526823605887541
8,7,50,0.845562219619751,1,1,0.9148461620735142,0.9254324529010033
9,7,50,0.43836021423339844,1,1,0.9473167106706348,0.8791694193225049
10,7,50,2.7921981811523438,1,1,0.8388590520307606,0.9389366629099599
1,7,100,1.4637081623077393,1,1,0.9173858624389081,0.9969153027979876
2,7,100,1.8690640926361084,1,1,0.868462581874416,0.9993930872170733
3,7,100,2.4989020824432373,1,1,0.8756840366683853,0.9587617046565932
4,7,100,0.7469291687011719,1,1,0.8709148778521488,0.9525916844409361
5,7,100,0.8483350276947021,1,1,0.9507982607757298,0.9743835957905689
6,7,100,1.7584819793701172,1,1,0.9717146181934915,0.898224561627545
7,7,100,0.8463611602783203,1,1,0.932977180485865,0.9842159456334058
8,7,100,6.7880189418792725,1,1,0.9452102525230914,1.0009006713042068
9,7,100,0.9437031745910645,1,1,0.8981583060481941,0.9680821390147037
10,7,100,0.8407847881317139,1,1,0.8607589018083325,0.9972313069529396
1,7,200,2.2765159606933594,1,1,0.9779423835698637,0.9857071337626859
2,7,200,9.354448080062866,1,1,0.9447353886322555,0.9909429259782339
3,7,200,12.826453924179077,1,1,0.9836620976693509,0.9383095106070256
4,7,200,12.25269627571106,1,1,0.9550602611811388,0.9330083289131113
5,7,200,4.4388837814331055,1,1,0.9696384363959932,0.9716401288154067
6,7,200,5.262340068817139,1,1,0.9748459542727421,0.9879930266605865
7,7,200,1.463174819946289,1,1,0.9585489869242138,0.9959339251160652
8,7,200,13.263724088668823,1,1,0.9819972477045734,0.9940994404983928
9,7,200,4.7636682987213135,1,1,0.93640398198098,0.998497174033781
10,7,200,1.885080099105835,1,1,0.9244058757831048,0.9798699631388148
1,7,300,9.054080963134766,1,1,0.9958324352751506,0.9846190425241034
2,7,300,4.771682024002075,1,1,0.991038840462041,0.98867872842217
3,7,300,36.22990012168884,1,1,0.9794294708848629,0.99734272364055
4,7,300,10.51278305053711,1,1,0.9365377613813717,0.9853182204142888
5,7,300,22.44968295097351,1,1,0.9722026007924816,0.9835350111047564
6,7,300,1.5678110122680664,1,1,0.9551925915668082,0.9972342248379648
7,7,300,40.23784804344177,1,1,0.9590380797622219,0.9831960433115465
8,7,300,19.15367603302002,1,1,0.9685109666314673,0.9980913721958629
9,7,300,3.306986093521118,1,1,0.9863202885746912,0.9962145656219896
10,7,300,4.522398948669434,1,1,0.9794985148591041,0.9852801193087259
1,7,500,26.453276872634888,1,1,0.9802228946330304,0.9905812973574389
2,7,500,28.972840785980225,1,1,0.9855605482762527,0.9942075728425877
3,7,500,5.250259876251221,1,1,0.9962944199420187,0.9767788801404091
4,7,500,52.59346580505371,1,1,0.9778818182358994,0.9922063462609018
5,7,500,84.20990490913391,1,1,0.9948340672790867,0.9937085192470694
6,7,500,31.562637090682983,1,1,0.9805119384864428,0.9969915561823419
7,7,500,15.020001888275146,1,1,0.985824439175402,0.9777985028745038
8,7,500,7.613797903060913,1,1,0.9890211518864627,1.0002580965213952
9,7,500,18.976091861724854,1,1,0.9812518609894084,0.995845692852819
10,7,500,5.400356769561768,1,1,0.9945537946505721,0.9956950430622984
1,8,20,0.4336228370666504,1,1,0.6574273135090475,0.8964191737970375
2,8,20,0.5327122211456299,1,1,0.7200528624775607,0.9662506469737635
3,8,20,0.540581226348877,1,1,0.8721911993143714,0.8920817115799391
4,8,20,0.5427870750427246,1,1,0.6308039598965887,0.623607988273607
5,8,20,0.8505771160125732,1,1,0.6542754823135087,0.9928001881257307
6,8,20,0.6512622833251953,1,1,0.7045668415649595,0.8730559959848062
7,8,20,0.3285200595855713,1,1,0.6400888075444258,0.9427348420203354
8,8,20,0.6409399509429932,1,1,0.8229154233360635,0.8259981180788851
9,8,20,0.3343632221221924,1,1,0.8157951548827459,0.7262669592580983
10,8,20,0.33229804039001465,1,1,0.5937950037043511,0.9071513779469083
1,8,30,0.7688829898834229,1,1,0.8655659064450625,0.9097436770842204
2,8,30,0.6413290500640869,1,1,0.8393504854465412,0.8941047287995021
3,8,30,0.742307186126709,1,1,0.5706206868836612,0.9372896943663939
4,8,30,0.6381571292877197,1,1,0.5976564951746917,0.9657774755593209
5,8,30,1.361677885055542,1,1,0.823781030007929,0.8844490837614858
6,8,30,1.0608139038085938,1,1,0.7737271658776101,0.8245142096437292
7,8,30,0.8420319557189941,1,1,0.7144077012087161,0.9360328845030371
8,8,30,0.8475210666656494,1,1,0.777086348040845,0.8669119901870592
9,8,30,0.6353490352630615,1,1,0.6835913013295296,0.960594315245478
10,8,30,0.6496810913085938,1,1,0.6008934280407654,0.8219640159115581
1,8,40,1.2892920970916748,1,1,0.7127385095403816,0.9936084660318476
2,8,40,0.6431100368499756,1,1,0.8761284044201442,0.948822546226358
3,8,40,1.158686876296997,1,1,0.6107246151650532,0.9412661098574063
4,8,40,0.9529078006744385,1,1,0.8199044525850675,0.930966510461905
5,8,40,2.284146308898926,1,1,0.7820487804878049,0.9472371291393138
6,8,40,1.2528579235076904,1,1,0.7882163019729181,0.9652945046269901
7,8,40,1.888746976852417,1,1,0.6707341226178426,0.9270575974680376
8,8,40,0.756260871887207,1,1,0.8926495134959085,0.9550892220402342
9,8,40,1.9753918647766113,1,1,0.7400643454109562,0.9981023494468719
10,8,40,8.784646987915039,1,1,0.8214926153907537,0.9256017345724529
1,8,50,2.0796139240264893,1,1,0.9135015760594621,0.8157731747090275
2,8,50,1.5600860118865967,1,1,0.9099797283127898,0.9618354743342908
3,8,50,1.2592628002166748,1,1,0.8173041033663964,0.8290628721315696
4,8,50,1.462432861328125,1,1,0.8180775098185595,0.9703456586607683
5,8,50,1.1568748950958252,1,1,0.8667681287917397,0.9388132947733036
6,8,50,1.0539791584014893,1,1,0.9599169012947517,0.9884064542754224
7,8,50,1.0481140613555908,1,1,0.885200842716225,0.9955779685063703
8,8,50,1.6633400917053223,1,1,0.792314947981845,0.9225510652798145
9,8,50,2.126851797103882,1,1,0.8459496795107936,0.940469731879872
10,8,50,1.2427568435668945,1,1,0.7813005376204,0.9963614511776973
1,8,100,7.085818290710449,1,1,0.8737534728179567,0.99457343412527
2,8,100,16.373969078063965,1,1,0.8779996828303807,0.9310655949197751
3,8,100,1.768784999847412,1,1,0.9804061409851957,0.9253451855435286
4,8,100,6.6089699268341064,1,1,0.9380271375556452,0.9465133998336196
5,8,100,1.9834320545196533,1,1,0.9755209572074132,0.931225275548233
6,8,100,2.692556858062744,1,1,0.8773439521468471,0.9655604310797448
7,8,100,3.6238210201263428,1,1,0.970880364327224,0.8682354179827332
8,8,100,2.271523952484131,1,1,0.9418643615359713,0.9970242639549126
9,8,100,3.5205419063568115,1,1,0.9404635987164088,0.9134026491952714
10,8,100,5.4723060131073,1,1,0.9708695777822731,0.8545348959746367
1,8,200,55.18278694152832,1,1,0.9287278603837533,0.9845103544261272
2,8,200,34.18769812583923,1,1,0.9688509630319975,0.9891402733591338
3,8,200,13.274729251861572,1,1,0.9754637688939333,0.9132663291393053
4,8,200,59.128211975097656,1,1,0.9362935204148328,0.9951933566052145
5,8,200,39.46590805053711,1,1,0.9506220054777339,0.930658876292685
6,8,200,3.412997007369995,1,1,0.8874744131741331,1.0022506883392908
7,8,200,10.918657064437866,1,1,0.9437103264056015,1.0018284902708368
8,8,200,55.90232992172241,1,1,0.9853885616252942,0.988066531104879
9,8,200,5.051596164703369,1,1,0.983699461111009,0.9749748876809136
10,8,200,45.749539852142334,1,1,0.9751129091826365,0.9890023124305076
1,8,300,12.185516834259033,1,1,0.9784698148618474,0.9513356934313995
2,8,300,15.75518798828125,1,1,0.9898945108733923,0.9271694605892892
3,8,300,114.20503091812134,1,1,0.9635282621125038,0.9874243560075182
4,8,300,115.20755004882812,1,1,0.9848771542039618,0.9865370638300764
5,8,300,10.806269884109497,1,1,0.9654893739898072,0.9988608425903281
6,8,300,61.178638219833374,1,1,0.9724665926437815,0.9944024383095951
7,8,300,4.261940002441406,1,1,0.9949040487779808,0.9797285468715395
8,8,300,8.345799922943115,1,1,0.9582065570680863,0.9864349991450069
9,8,300,63.59114909172058,1,1,0.9548625293956685,0.9957314331456132
10,8,300,54.304075956344604,1,1,0.9949216699042045,0.9680605956808774
1,8,500,49.27097010612488,1,1,0.9784135844066676,0.9958782292613267
2,8,500,12.321743965148926,1,1,0.9859250508960212,0.9911627996470618
3,8,500,40.69202184677124,1,1,0.9906172958346035,0.9956426143673709
4,8,500,140.14328384399414,1,1,0.9906993412110723,0.9907514350661029
5,8,500,19.276041984558105,1,1,0.9885949543463135,1.0003920055246374
6,8,500,138.81130290031433,1,1,0.986266443545763,0.9947620797675925
7,8,500,229.38375306129456,1,1,0.9880541190758912,0.9808340001116466
8,8,500,5.164544582366943,1,1,0.9694343668511577,0.980426405221613
9,8,500,20.263415098190308,1,1,0.9907907811379769,0.9741325089994244
10,8,500,32.35979175567627,1,1,0.9670071648758352,0.9992877730276487
1,9,20,0.6392269134521484,1,1,0.7216727315916056,0.8245178930356539
2,9,20,0.5395901203155518,1,1,0.5714491093720798,0.8241146361510201
3,9,20,0.44057512283325195,1,1,0.813148448913906,0.6701688808434904
4,9,20,0.7467629909515381,1,1,0.6902537144946104,0.9303404817761043
5,9,20,0.43158817291259766,1,1,0.5545028495971678,0.9322971120559468
6,9,20,0.5379986763000488,1,1,0.4433571924010636,0.9630069431593089
7,9,20,0.43695902824401855,1,1,0.7850140640044884,0.7125932594318529
8,9,20,0.5392251014709473,1,1,0.600152493829067,0.9679072073304157
9,9,20,0.8466570377349854,1,1,0.6674836434579954,0.9737939015898237
10,9,20,0.9487020969390869,1,1,0.7678006319010413,0.4231313468305085
1,9,30,1.3583688735961914,1,1,0.7865637420044084,0.9700799560470663
2,9,30,0.5407791137695312,1,1,0.7664824257923474,0.7479102787982939
3,9,30,1.0744609832763672,1,1,0.6186198080186507,0.8352021432308041
4,9,30,1.048011064529419,1,1,0.7824713112718137,0.692484050121632
5,9,30,1.0473127365112305,1,1,0.433253126376792,0.9859900571445331
6,9,30,0.4331479072570801,1,1,0.6890954834931265,0.9528642150640595
7,9,30,2.489382266998291,1,1,0.6278955840156764,0.7931984169814716
8,9,30,1.3570489883422852,1,1,0.8071346120104536,0.8469270621920187
9,9,30,1.0548410415649414,1,1,0.536793529995228,0.9394398914843909
10,9,30,1.0588757991790771,1,1,0.8164583357923852,0.7131170398777064
1,9,40,1.4533038139343262,1,1,0.7195085791778241,0.980559016890329
2,9,40,1.0453600883483887,1,1,0.46933280053855475,0.9574405866540698
3,9,40,1.056124210357666,1,1,0.7777763455275122,0.9724071584779937
4,9,40,1.2542288303375244,1,1,0.6760256173880979,0.8827652382571362
5,9,40,0.7447030544281006,1,1,0.9391381060492044,0.9487350306182815
6,9,40,2.287353038787842,1,1,0.8268443789272379,0.9167931925690495
7,9,40,1.0524959564208984,1,1,0.9367974679540257,0.8014056676380805
8,9,40,1.670051097869873,1,1,0.7359936604342381,0.870087398046499
9,9,40,1.25856614112854,1,1,0.7802806920298688,0.8555425420693927
10,9,40,1.1497280597686768,1,1,0.7348681738353875,0.8145114422623552
1,9,50,2.2833142280578613,1,1,0.8811114066809977,0.9652306843323857
2,9,50,1.0555078983306885,1,1,0.7760664474245093,0.8920573835617047
3,9,50,0.7495999336242676,1,1,0.7175887450396088,0.9804388530311858
4,9,50,1.1567580699920654,1,1,0.8657389811082206,0.8471592040003086
5,9,50,0.7709548473358154,1,1,0.8740633773229495,0.8840482803552446
6,9,50,4.003362655639648,1,1,0.8263792914780395,0.9682932034000784
7,9,50,1.4170081615447998,1,1,0.8343840669010278,0.9181646758362139
8,9,50,1.1920149326324463,1,1,0.6793346590728839,0.9489869230500576
9,9,50,1.0752391815185547,1,1,0.9204540797508298,0.9705713515856559
10,9,50,1.1881580352783203,1,1,0.848347864132782,0.822978761549248
1,9,100,0.8844261169433594,1,1,0.8605512065885851,0.9756457336724876
2,9,100,30.921519994735718,1,1,0.9392854311177969,0.9790068389086257
3,9,100,9.994271993637085,1,1,0.8606512560671588,0.9391448967685476
4,9,100,27.051319122314453,1,1,0.891119892696758,0.8999884594064352
5,9,100,1.7249841690063477,1,1,0.9593236975462807,0.9976462985680774
6,9,100,8.332426071166992,1,1,0.8375104130887097,0.9756671326971004
7,9,100,2.8679637908935547,1,1,0.9177980467256465,0.9826840459153957
8,9,100,20.952538013458252,1,1,0.8833931120938816,0.9824388117726044
9,9,100,30.41620898246765,1,1,0.8824110808293373,0.9516946027289708
10,9,100,0.9744751453399658,1,1,0.8974797574558511,0.9578268556254527
1,9,200,80.59125709533691,1,1,0.9392556133317456,0.9884386082411971
2,9,200,41.41829514503479,1,1,0.9673570253706157,0.9573416858460762
3,9,200,57.369601011276245,1,1,0.9040513459351135,0.9942307141135075
4,9,200,39.97702193260193,1,1,0.9533975272520304,0.9340565686301233
5,9,200,71.4211597442627,1,1,0.9112582217586581,0.9891805787361234
6,9,200,67.23092198371887,1,1,0.9839935953984774,0.9876181190212857
7,9,200,4.477000951766968,1,1,0.9367323528980022,0.9923122559902015
8,9,200,81.46660995483398,1,1,0.9326691730200625,0.9694001869492612
9,9,200,36.46857309341431,1,1,0.9730734161180947,0.9725181592691032
10,9,200,13.747880935668945,1,1,0.9646840267359537,0.9781861101424394
1,9,300,210.4310441017151,1,1,0.9703338866634196,0.9830535498713072
2,9,300,6.489425897598267,1,1,0.9584691465887071,0.9890136574340712
3,9,300,118.04289484024048,1,1,0.9753017247477963,0.9957216571386147
4,9,300,140.6067340373993,1,1,0.9916071058966561,0.9943854707094724
5,9,300,18.822733640670776,1,1,0.9871828882186378,0.9842185021918322
6,9,300,191.05788683891296,1,1,0.9706011149170529,0.9813231642143863
7,9,300,28.104203939437866,1,1,0.9777731107144106,0.9879993094470443
8,9,300,66.86197304725647,1,1,0.9636207884287636,0.9952816351582491
9,9,300,28.33232307434082,1,1,0.9668320443058235,0.9915004205577241
10,9,300,215.65153098106384,1,1,0.9802229204041255,0.953030157766344
1,9,500,261.7407639026642,1,1,0.9887259022954152,0.9638843359085109
2,9,500,428.91381096839905,1,1,0.9769294967443726,0.9900337962848756
3,9,500,280.1816921234131,1,1,0.9691495108336835,0.9983849379714759
4,9,500,123.53030204772949,1,1,0.9692156417820135,0.9938151411208332
5,9,500,192.76211881637573,1,1,0.9844675129536767,0.9919309423822626
6,9,500,168.9251570701599,1,1,0.9706356841005985,0.9972661987922311
7,9,500,247.65549516677856,1,1,0.9930167983371263,0.9892596075532095
8,9,500,245.91249704360962,1,1,0.9892757344611434,0.9948450348393919
9,9,500,140.56296706199646,1,1,0.9881891636595923,0.9880059168866877
10,9,500,65.25599718093872,1,1,0.9903019288076761,0.9980790319142653
1,10,20,0.44472312927246094,1,1,0.6985613951478387,0.38519818940759903
2,10,20,0.6478409767150879,1,1,0.4031007306319305,0.7554359325027521
3,10,20,0.9744617938995361,1,1,0.5448902804620092,0.6257168360687488
4,10,20,0.5403199195861816,1,1,0.6101294780056844,0.44795263526618756
5,10,20,0.3452339172363281,1,1,0.6168283081019661,0.8799459385539451
6,10,20,0.5559370517730713,1,1,0.6840926001260468,0.8801479748556864
7,10,20,0.4582710266113281,1,1,0.5395373129742849,0.9726119181737327
8,10,20,0.6467599868774414,1,1,0.45281441982039955,0.8840080583875226
9,10,20,0.5435287952423096,1,1,0.7104220112478076,0.7105990579923462
10,10,20,0.6613099575042725,1,1,0.42880127386422073,0.7345866807336753
1,10,30,0.6636149883270264,1,1,0.5262121540244988,0.9965223871328324
2,10,30,0.9738028049468994,1,1,0.7986989383906856,0.8754281632442295
3,10,30,1.417456865310669,1,1,0.8510018463497891,0.775655060863314
4,10,30,1.1778161525726318,1,1,0.7429109618649757,0.9518999308479442
5,10,30,0.5599801540374756,1,1,0.6482309251656644,0.8942084585612137
6,10,30,1.802851915359497,1,1,0.7217222167276562,0.9264019713799897
7,10,30,0.6641538143157959,1,1,0.6341319569430632,0.8562084298669165
8,10,30,1.3978238105773926,1,1,0.8714693566806243,0.8880236814092188
9,10,30,0.5482699871063232,1,1,0.8196520600210699,0.8506541784022784
10,10,30,0.4380021095275879,1,1,0.445408464075618,0.8509621637757332
1,10,40,1.2767157554626465,1,1,0.7113470471134704,0.8140629089528236
2,10,40,1.9165899753570557,1,1,0.5234691804118702,0.921225542131421
3,10,40,1.6875660419464111,1,1,0.7165303552190341,0.9491650083631387
4,10,40,1.6996679306030273,1,1,0.7791828943013881,0.8989348179316087
5,10,40,1.0930778980255127,1,1,0.6080918609380241,0.8692843241810216
6,10,40,3.9815218448638916,1,1,0.9158307228420917,0.877747025112478
7,10,40,1.730452060699463,1,1,0.7398013330744839,0.7506368532758264
8,10,40,3.815629005432129,1,1,0.8573332533053851,0.9453106034426132
9,10,40,0.7662549018859863,1,1,0.8424885360574784,0.8043854801900093
10,10,40,1.8084962368011475,1,1,0.7720302396905706,0.8826148293362159
1,10,50,2.0193140506744385,1,1,0.743506922048199,0.9915513773006442
2,10,50,1.9406569004058838,1,1,0.8548538681948425,0.9956277221734547
3,10,50,5.203295946121216,1,1,0.8355156368358403,0.9525673281554674
4,10,50,2.1412816047668457,1,1,0.8689690938464921,0.8861026115909212
5,10,50,1.6993892192840576,1,1,0.7305996367894907,0.8943346636814952
6,10,50,2.251707077026367,1,1,0.9046365355429851,0.6501730320213476
7,10,50,2.1357839107513428,1,1,0.8176206479651891,0.8678708425937205
8,10,50,1.5042481422424316,1,1,0.9769141787181945,0.7597755106448849
9,10,50,1.2868249416351318,1,1,0.8192573796413772,0.9022593933341655
10,10,50,6.132591247558594,1,1,0.9120060777858562,0.9383080204226718
1,10,100,2.342146158218384,1,1,0.8342260845565538,0.9899562665618911
2,10,100,134.12663197517395,1,1,0.9351477840359964,0.9493691826601628
3,10,100,31.82804012298584,1,1,0.9125686140755398,0.989764093850131
4,10,100,56.11083793640137,1,1,0.8171958485708102,0.9980593927548609
5,10,100,5.735174894332886,1,1,0.8774285078748487,0.9516619764782024
6,10,100,6.597923755645752,1,1,0.9099226888389241,0.9819990910809834
7,10,100,168.00885605812073,1,1,0.867488362731,0.9663760175503069
8,10,100,6.661017656326294,1,1,0.8851397409679619,0.9471836591240348
9,10,100,4.115909099578857,1,1,0.9139554016345361,0.9975668682485953
10,10,100,34.553393840789795,1,1,0.8756543740549316,0.8355637713496693
1,10,200,54.650835037231445,1,1,0.9918010111981994,0.9263435806701317
2,10,200,137.68863606452942,1,1,0.9584859041280369,0.9262448389983076
3,10,200,190.88595509529114,1,1,0.9771870310815451,0.9673695737569649
4,10,200,109.9439709186554,1,1,0.9489892922635496,0.9560508374785975
5,10,200,53.59267997741699,1,1,0.9410238470812691,0.9800065980512884
6,10,200,100.83624386787415,1,1,0.9451054403902455,0.9790969176844124
7,10,200,150.58997011184692,1,1,0.9574071201503277,0.9716129953296759
8,10,200,76.96995401382446,1,1,0.9568654548531298,0.9619089446085134
9,10,200,36.63047790527344,1,1,0.9665179430252128,0.9392376711685733
10,10,200,118.26681184768677,1,1,0.9463880560967736,0.9588414099081076
1,10,300,26.854989051818848,1,1,0.972076004157878,0.9875214180975204
2,10,300,664.4446971416473,1,1,0.9468890791972298,0.9898815437011771
3,10,300,394.9888677597046,1,1,0.9527815499678678,0.9844064133685404
4,10,300,70.47439217567444,1,1,0.9461312156566689,0.9856741073890478
5,10,300,42.743634939193726,1,1,0.9505879873121211,0.9970222403637373
6,10,300,202.48861813545227,1,1,0.9704293468474263,0.97397790172193
7,10,300,234.6748752593994,1,1,0.9544079302241806,0.9788398724453568
8,10,300,356.57921290397644,1,1,0.9800412200671922,0.9731643774123261
9,10,300,394.6895520687103,1,1,0.9538446669301518,0.9836687773433974
10,10,300,280.54936385154724,1,1,0.9467483650143633,0.970328196465851
1,10,500,488.29641699790955,1,1,0.9912104313596851,0.9945187981881511
2,10,500,486.60400009155273,1,1,0.9813516122384789,0.9934809721363834
3,10,500,443.8733811378479,1,1,0.9712083050439125,0.990262697409458
4,10,500,390.7128760814667,1,1,0.9690765449346681,0.9834337251749022
5,10,500,344.92230701446533,1,1,0.991887004208207,0.9903028946014444
6,10,500,236.1898591518402,1,1,0.9932383747828923,0.9874762270441569
7,10,500,71.0889892578125,1,1,0.9876794175544806,0.9916979636926517
8,10,500,438.1250376701355,1,1,0.9688116110727149,0.9880930501667687
9,10,500,170.77497482299805,1,1,0.9851462871744597,0.9917041284768002
10,10,500,573.5437481403351,1,1,0.9711685146392339,0.995744889597872
